slug,name,kind,class,slot,rarity,num_variants,socket_count,socket_shapes
ace-assassin-boots,Ace Assassin Boots,armor,Shadowstrix,Feet,Legendary,9,,
ace-assassin-bracers,Ace Assassin Bracers,armor,Shadowstrix,Hands,Legendary,9,,
ace-assassin-garb,Ace Assassin Garb,armor,Shadowstrix,Chest,Legendary,9,,
ace-assassin-mask,Ace Assassin Mask,armor,Shadowstrix,Head,Legendary,9,,
ace-assassin-pants,Ace Assassin Pants,armor,Shadowstrix,Legs,Legendary,9,,
agility-12-blue-purple,Agility 12 Blue-Purple,armor,Shadowstrix,Necklace,Excellent,0,,
agility-12-blue,Agility 12 Blue,armor,Shadowstrix,Necklace,Excellent,0,,
agility-12-gray,Agility 12 Gray,armor,Shadowstrix,Necklace,Damaged,0,,
agility-12-green-blue,Agility 12 Green-Blue,armor,Shadowstrix,Necklace,Rare,0,,
agility-12-green,Agility 12 Green,armor,Shadowstrix,Necklace,Rare,0,,
agility-12-orange,Agility 12 Orange,armor,Shadowstrix,Necklace,Legendary,0,,
agility-12-purple-orange,Agility 12 Purple-Orange,armor,Shadowstrix,Necklace,Epic,0,,
agility-12-purple,Agility 12 Purple,armor,Shadowstrix,Necklace,Epic,0,,
agility-12-white-no-jewelry,Agility 12 White (No Jewelry),armor,Shadowstrix,Necklace,Common,0,,
agility-12-white,Agility 12 White,armor,Shadowstrix,Necklace,Common,0,,
ancestral-blessing-ring,Ancestral Blessing Ring,armor,Any,Ring,Legendary,3,,
apprentice-boots,Apprentice Boots,armor,"Sorcerer, Seer",Feet,Common,1,,
apprentice-bracers,Apprentice Bracers,armor,"Sorcerer, Seer",Hands,Common,1,,
apprentice-hood,Apprentice Hood,armor,"Sorcerer, Seer",Head,Common,1,,
apprentice-pants,Apprentice Pants,armor,"Sorcerer, Seer",Legs,Common,1,,
apprentice-robe,Apprentice Robe,armor,"Sorcerer, Seer",Chest,Common,1,,
archer-12-blue-purple,Archer 12 Blue-Purple,armor,Blackarrow,Necklace,Excellent,0,,
archer-12-blue,Archer 12 Blue,armor,Blackarrow,Necklace,Excellent,0,,
archer-12-gray,Archer 12 Gray,armor,Blackarrow,Necklace,Damaged,0,,
archer-12-green-blue,Archer 12 Green-Blue,armor,Blackarrow,Necklace,Rare,0,,
archer-12-green,Archer 12 Green,armor,Blackarrow,Necklace,Rare,0,,
archer-12-orange,Archer 12 Orange,armor,Blackarrow,Necklace,Legendary,0,,
archer-12-purple-orange,Archer 12 Purple-Orange,armor,Blackarrow,Necklace,Epic,0,,
archer-12-purple,Archer 12 Purple,armor,Blackarrow,Necklace,Epic,0,,
archer-12-white-no-accessories,Archer 12 White (No Accessories),armor,Blackarrow,Necklace,Common,0,,
archer-12-white,Archer 12 White,armor,Blackarrow,Necklace,Common,0,,
artisans-bracers,Artisan's Bracers,armor,"Blackarrow, Shadowstrix",Hands,Common,1,,
artisans-eyepatch,Artisan's Eyepatch,armor,"Blackarrow, Shadowstrix",Head,Common,1,,
artisans-leather-boots,Artisan's Leather Boots,armor,"Blackarrow, Shadowstrix",Feet,Common,1,,
artisans-pants,Artisan's Pants,armor,"Blackarrow, Shadowstrix",Legs,Common,1,,
artisans-vest,Artisan's Vest,armor,"Blackarrow, Shadowstrix",Chest,Common,1,,
astral-12-blue-purple,Astral 12 Blue-Purple,armor,Sorcerer,Necklace,Excellent,0,,
astral-12-blue,Astral 12 Blue,armor,Sorcerer,Necklace,Excellent,0,,
astral-12-gray,Astral 12 Gray,armor,Sorcerer,Necklace,Damaged,0,,
astral-12-green-blue,Astral 12 Green-Blue,armor,Sorcerer,Necklace,Rare,0,,
astral-12-green,Astral 12 Green,armor,Sorcerer,Necklace,Rare,0,,
astral-12-white-no-jewelry,Astral 12 White (No Jewelry),armor,Sorcerer,Necklace,Common,0,,
astral-12-white,Astral 12 White,armor,Sorcerer,Necklace,Common,0,,
beak-necklace,Beak Necklace,armor,Any,Necklace,Rare,3,,
benediction-amulet,Benediction Amulet,armor,Any,Necklace,Excellent,3,,
black-iris-bracers,Black Iris Bracers,armor,Withered Knight,Hands,Epic,9,,
black-iris-breastplate,Black Iris Breastplate,armor,Withered Knight,Chest,Epic,9,,
black-iris-breeches,Black Iris Breeches,armor,Withered Knight,Legs,Epic,9,,
black-iris-helmet,Black Iris Helmet,armor,Withered Knight,Head,Epic,9,,
black-iris-sabatons,Black Iris Sabatons,armor,Withered Knight,Feet,Epic,9,,
bloodborn-amulet,Bloodborn Amulet,armor,Any,Necklace,Excellent,3,,
bloodwrath-general-armor,Bloodwrath General Armor,armor,Mercenary,Chest,Epic,9,,
bloodwrath-general-bracers,Bloodwrath General Bracers,armor,Mercenary,Hands,Epic,9,,
bloodwrath-general-greaves,Bloodwrath General Greaves,armor,Mercenary,Feet,Epic,9,,
bloodwrath-general-helmet,Bloodwrath General Helmet,armor,Mercenary,Head,Epic,9,,
bloodwrath-general-pants,Bloodwrath General Pants,armor,Mercenary,Legs,Epic,9,,
brass-necklace,Brass Necklace,armor,Any,Necklace,Common,1,,
break-12-blue-purple,Break 12 Blue-Purple,armor,Withered Knight,Necklace,Excellent,0,,
break-12-blue,Break 12 Blue,armor,Withered Knight,Necklace,Excellent,0,,
break-12-gray,Break 12 Gray,armor,Withered Knight,Necklace,Damaged,0,,
break-12-green-blue,Break 12 Green-Blue,armor,Withered Knight,Necklace,Rare,0,,
break-12-green,Break 12 Green,armor,Withered Knight,Necklace,Rare,0,,
break-12-purple-orange,Break 12 Purple-Orange,armor,Withered Knight,Necklace,Epic,0,,
break-12-purple,Break 12 Purple,armor,Withered Knight,Necklace,Epic,0,,
break-12-white-no-accessories,Break 12 White No Accessories,armor,Withered Knight,Necklace,Common,0,,
break-12-white,Break 12 White,armor,Withered Knight,Necklace,Common,0,,
carved-amulet,Carved Amulet,armor,Any,Necklace,Common,1,,
ceremonial-bracers,Ceremonial Bracers,armor,Withered Knight,Hands,Rare,9,,
ceremonial-breastplate,Ceremonial Breastplate,armor,Withered Knight,Chest,Rare,9,,
ceremonial-breeches,Ceremonial Breeches,armor,Withered Knight,Legs,Rare,9,,
ceremonial-helmet,Ceremonial Helmet,armor,Withered Knight,Head,Rare,9,,
ceremonial-sabatons,Ceremonial Sabatons,armor,Withered Knight,Feet,Rare,9,,
champions-armor,Champion's Armor,armor,Mercenary,Chest,Legendary,9,,
champions-boots,Champion's Boots,armor,Mercenary,Feet,Legendary,9,,
champions-bracers,Champion's Bracers,armor,Mercenary,Hands,Legendary,9,,
champions-helmet,Champion's Helmet,armor,Mercenary,Head,Legendary,9,,
champions-pants,Champion's Pants,armor,Mercenary,Legs,Legendary,9,,
charge-12-blue-purple,Charge 12 Blue-Purple,armor,Mercenary,Necklace,Excellent,0,,
charge-12-blue,Charge 12 Blue,armor,Mercenary,Necklace,Excellent,0,,
charge-12-gray,Charge 12 Gray,armor,Mercenary,Necklace,Damaged,0,,
charge-12-green-blue,Charge 12 Green-Blue,armor,Mercenary,Necklace,Rare,0,,
charge-12-green,Charge 12 Green,armor,Mercenary,Necklace,Rare,0,,
charge-12-orange,Charge 12 Orange,armor,Mercenary,Necklace,Legendary,0,,
charge-12-purple-orange,Charge 12 Purple-Orange,armor,Mercenary,Necklace,Epic,0,,
charge-12-purple,Charge 12 Purple,armor,Mercenary,Necklace,Epic,0,,
charge-12-white-no-accessories,"Charge 12 White, No Accessories",armor,Mercenary,Necklace,Common,0,,
charge-12-white,Charge 12 White,armor,Mercenary,Necklace,Common,0,,
commander-seal-ring,Commander Seal Ring,armor,Any,Ring,Epic,3,,
crude-recruit-armor,Crude Recruit Armor,armor,"Mercenary, Withered Knight",Chest,Damaged,1,,
crude-recruit-boots,Crude Recruit Boots,armor,"Mercenary, Withered Knight",Feet,Damaged,1,,
crude-recruit-bracers,Crude Recruit Bracers,armor,"Mercenary, Withered Knight",Hands,Damaged,1,,
crude-recruit-helmet,Crude Recruit Helmet,armor,"Mercenary, Withered Knight",Head,Damaged,1,,
crude-recruit-pants,Crude Recruit Pants,armor,"Mercenary, Withered Knight",Legs,Damaged,1,,
crusade-bracers,Crusade Bracers,armor,Withered Knight,Hands,Excellent,9,,
crusade-breastplate,Crusade Breastplate,armor,Withered Knight,Chest,Excellent,9,,
crusade-breeches,Crusade Breeches,armor,Withered Knight,Legs,Excellent,9,,
crusade-helmet,Crusade Helmet,armor,Withered Knight,Head,Excellent,9,,
crusade-sabatons,Crusade Sabatons,armor,Withered Knight,Feet,Excellent,9,,
crusader-gauntlets,Crusader Gauntlets,armor,Blackarrow,Hands,Excellent,9,,
crusader-hood,Crusader Hood,armor,Blackarrow,Head,Excellent,9,,
crusader-leather-armor,Crusader Leather Armor,armor,Blackarrow,Chest,Excellent,9,,
crusader-long-boots,Crusader Long Boots,armor,Blackarrow,Feet,Excellent,9,,
crusader-pants,Crusader Pants,armor,Blackarrow,Legs,Excellent,9,,
decorative-ring,Decorative Ring,armor,Any,Ring,Common,1,,
defeat-12-orange,Defeat 12 Orange,armor,Withered Knight,Necklace,Legendary,0,,
demonbane-ring,Demonbane Ring,armor,Any,Ring,Excellent,3,,
discipline-pendant,Discipline Pendant,armor,Any,Necklace,Rare,3,,
dominance-amulet,Dominance Amulet,armor,Any,Necklace,Excellent,3,,
dps-12-blue-purple,DPS 12 Blue-Purple,armor,Seer,Necklace,Excellent,0,,
dps-12-blue,DPS 12 Blue,armor,Seer,Necklace,Excellent,0,,
dps-12-green-blue,DPS 12 Green-Blue,armor,Seer,Necklace,Rare,0,,
dps-12-green,DPS 12 Green,armor,Seer,Necklace,Rare,0,,
dps-12-orange,DPS 12 Orange,armor,Seer,Necklace,Legendary,0,,
dps-12-purple-orange,DPS 12 Purple-Orange,armor,Seer,Necklace,Epic,0,,
dps-12-purple,DPS 12 Purple,armor,Seer,Necklace,Epic,0,,
dps-12-white-no-accessories,DPS 12 White (No Accessories),armor,Seer,Necklace,Common,0,,
dps-12-white,DPS 12 White,armor,Seer,Necklace,Common,0,,
dragon-slumber-necklace,Dragon Slumber Necklace,armor,Any,Necklace,Epic,3,,
dragonbreath-ring,Dragonbreath Ring,armor,Any,Ring,Epic,3,,
dreamweaver-necklace,Dreamweaver Necklace,armor,Any,Necklace,Excellent,3,,
eagle-god-armor,Eagle God Armor,armor,Blackarrow,Chest,Epic,9,,
eagle-god-bracers,Eagle God Bracers,armor,Blackarrow,Hands,Epic,9,,
eagle-god-leather-boots,Eagle God Leather Boots,armor,Blackarrow,Feet,Epic,9,,
eagle-god-pants,Eagle God Pants,armor,Blackarrow,Legs,Epic,9,,
eagle-god-winged-helm,Eagle God Winged Helm,armor,Blackarrow,Head,Epic,9,,
einherjars-blessing-necklace,Einherjar's Blessing Necklace,armor,Any,Necklace,Legendary,3,,
element-12-blue-purple,Element 12 Blue-Purple,armor,Sorcerer,Necklace,Excellent,0,,
element-12-blue,Element 12 Blue,armor,Sorcerer,Necklace,Excellent,0,,
element-12-gray,Element 12 Gray,armor,Sorcerer,Necklace,Damaged,0,,
element-12-green-blue,Element 12 Green-Blue,armor,Sorcerer,Necklace,Rare,0,,
element-12-green,Element 12 Green,armor,Sorcerer,Necklace,Rare,0,,
element-12-orange,Element 12 Orange,armor,Sorcerer,Necklace,Legendary,0,,
element-12-purple-orange,Element 12 Purple-Orange,armor,Sorcerer,Necklace,Epic,0,,
element-12-purple,Element 12 Purple,armor,Sorcerer,Necklace,Epic,0,,
element-12-white-no-jewelry,Element 12 White (No Jewelry),armor,Sorcerer,Necklace,Common,0,,
element-12-white,Element 12 White,armor,Sorcerer,Necklace,Common,0,,
emissary-gauntlets,Emissary Gauntlets,armor,Shadowstrix,Hands,Excellent,9,,
emissary-leather-armor,Emissary Leather Armor,armor,Shadowstrix,Chest,Excellent,9,,
emissary-long-boots,Emissary Long Boots,armor,Shadowstrix,Feet,Excellent,9,,
emissary-mask,Emissary Mask,armor,Shadowstrix,Head,Excellent,9,,
emissary-tights,Emissary Tights,armor,Shadowstrix,Legs,Excellent,9,,
engraved-ring,Engraved Ring,armor,Any,Ring,Common,1,,
enlightenment-bracers,Enlightenment Bracers,armor,Seer,Hands,Excellent,9,,
enlightenment-crown,Enlightenment Crown,armor,Seer,Head,Excellent,9,,
enlightenment-greaves,Enlightenment Greaves,armor,Seer,Feet,Excellent,9,,
enlightenment-pants,Enlightenment Pants,armor,Seer,Legs,Excellent,9,,
enlightenment-vestment,Enlightenment Vestment,armor,Seer,Chest,Excellent,9,,
eye-of-the-sea-giant,Eye of the Sea Giant,armor,Any,Ring,Legendary,3,,
false-god-boss-spirit-mask,False God BOSS Spirit Mask,armor,Any,Head,Damaged,0,,
fearless-boots,Fearless Boots,armor,Mercenary,Feet,Excellent,9,,
fearless-bracers,Fearless Bracers,armor,Mercenary,Hands,Excellent,9,,
fearless-breastplate,Fearless Breastplate,armor,Mercenary,Chest,Excellent,9,,
fearless-helmet,Fearless Helmet,armor,Mercenary,Head,Excellent,9,,
fearless-pants,Fearless Pants,armor,Mercenary,Legs,Excellent,9,,
flurry-12-blue-purple,Flurry 12 Blue-Purple,armor,Shadowstrix,Necklace,Excellent,0,,
flurry-12-blue,Flurry 12 Blue,armor,Shadowstrix,Necklace,Excellent,0,,
flurry-12-gray,Flurry 12 Gray,armor,Shadowstrix,Necklace,Damaged,0,,
flurry-12-green-blue,Flurry 12 Green-Blue,armor,Shadowstrix,Necklace,Rare,0,,
flurry-12-green,Flurry 12 Green,armor,Shadowstrix,Necklace,Rare,0,,
flurry-12-orange,Flurry 12 Orange,armor,Shadowstrix,Necklace,Legendary,0,,
flurry-12-purple-orange,Flurry 12 Purple-Orange,armor,Shadowstrix,Necklace,Epic,0,,
flurry-12-purple,Flurry 12 Purple,armor,Shadowstrix,Necklace,Epic,0,,
flurry-12-white-no-jewelry,Flurry 12 White No Jewelry,armor,Shadowstrix,Necklace,Common,0,,
flurry-12-white,Flurry 12 White,armor,Shadowstrix,Necklace,Common,0,,
frostspeaker-pendant,Frostspeaker Pendant,armor,Any,Necklace,Legendary,3,,
guard-armor,Guard Armor,armor,"Mercenary, Withered Knight",Chest,Common,1,,
guard-boots,Guard Boots,armor,"Mercenary, Withered Knight",Feet,Common,1,,
guard-bracers,Guard Bracers,armor,"Mercenary, Withered Knight",Hands,Common,1,,
guard-helmet,Guard Helmet,armor,"Mercenary, Withered Knight",Head,Common,1,,
guard-pants,Guard Pants,armor,"Mercenary, Withered Knight",Legs,Common,1,,
haste-12-blue-purple,Haste 12 Blue-Purple,armor,Seer,Necklace,Excellent,0,,
haste-12-blue,Haste 12 Blue,armor,Seer,Necklace,Excellent,0,,
haste-12-gray,Haste 12 Gray,armor,Seer,Necklace,Damaged,0,,
haste-12-green-blue,Haste 12 Green-Blue,armor,Seer,Necklace,Rare,0,,
haste-12-green,Haste 12 Green,armor,Seer,Necklace,Rare,0,,
haste-12-orange,Haste 12 Orange,armor,Seer,Necklace,Legendary,0,,
haste-12-purple-orange,Haste 12 Purple-Orange,armor,Seer,Necklace,Epic,0,,
haste-12-purple,Haste 12 Purple,armor,Seer,Necklace,Epic,0,,
haste-12-white-no-accessories,Haste 12 White (No Accessories),armor,Seer,Necklace,Common,0,,
haste-12-white,Haste 12 White,armor,Seer,Necklace,Common,0,,
holy-saints-bracers,Holy Saint's Bracers,armor,Seer,Hands,Legendary,9,,
holy-saints-greaves,Holy Saint's Greaves,armor,Seer,Feet,Legendary,9,,
holy-saints-miter,Holy Saint's Miter,armor,Seer,Head,Legendary,9,,
holy-saints-pants,Holy Saint's Pants,armor,Seer,Legs,Legendary,9,,
holy-saints-vestment,Holy Saint's Vestment,armor,Seer,Chest,Legendary,9,,
hunter-12-blue-purple,Hunter 12 Blue-Purple,armor,Blackarrow,Necklace,Excellent,0,,
hunter-12-blue,Hunter 12 Blue,armor,Blackarrow,Necklace,Excellent,0,,
hunter-12-gray,Hunter 12 Gray,armor,Blackarrow,Necklace,Damaged,0,,
hunter-12-green-blue,Hunter 12 Green-Blue,armor,Blackarrow,Necklace,Rare,0,,
hunter-12-green,Hunter 12 Green,armor,Blackarrow,Necklace,Rare,0,,
hunter-12-orange,Hunter 12 Orange,armor,Blackarrow,Necklace,Legendary,0,,
hunter-12-purple-orange,Hunter 12 Purple-Orange,armor,Blackarrow,Necklace,Epic,0,,
hunter-12-purple,Hunter 12 Purple,armor,Blackarrow,Necklace,Epic,0,,
hunter-12-white-no-accessories,Hunter 12 White (No Accessories),armor,Blackarrow,Necklace,Common,0,,
hunter-12-white,Hunter 12 White,armor,Blackarrow,Necklace,Common,0,,
hunters-ring,Hunter's Ring,armor,Any,Ring,Rare,3,,
infect-12-blue-purple,Infect 12 Blue-Purple,armor,Withered Knight,Necklace,Excellent,0,,
infect-12-blue,Infect 12 Blue,armor,Withered Knight,Necklace,Excellent,0,,
infect-12-gray,Infect 12 Gray,armor,Withered Knight,Necklace,Damaged,0,,
infect-12-green-blue,Infect 12 Green-Blue,armor,Withered Knight,Necklace,Rare,0,,
infect-12-green,Infect 12 Green,armor,Withered Knight,Necklace,Rare,0,,
infect-12-orange,Infect 12 Orange,armor,Withered Knight,Necklace,Legendary,0,,
infect-12-purple-orange,Infect 12 Purple-Orange,armor,Withered Knight,Necklace,Epic,0,,
infect-12-purple,Infect 12 Purple,armor,Withered Knight,Necklace,Epic,0,,
infect-12-white-no-accessories,Infect 12 White No Accessories,armor,Withered Knight,Necklace,Common,0,,
infect-12-white,Infect 12 White,armor,Withered Knight,Necklace,Common,0,,
jungle-emissary-necklace,Jungle Emissary Necklace,armor,Any,Necklace,Epic,3,,
lovers-ring,Lover's Ring,armor,Any,Ring,Rare,3,,
mandrake-silver-ring,Mandrake Silver Ring,armor,Any,Ring,Excellent,3,,
martyrs-bracers,Martyr's Bracers,armor,Seer,Hands,Rare,9,,
martyrs-greaves,Martyr's Greaves,armor,Seer,Feet,Rare,9,,
martyrs-hood,Martyr's Hood,armor,Seer,Head,Rare,9,,
martyrs-pants,Martyr's Pants,armor,Seer,Legs,Rare,9,,
martyrs-vestment,Martyr's Vestment,armor,Seer,Chest,Rare,9,,
mithril-ring,Mithril Ring,armor,Any,Ring,Rare,3,,
moon-priestess-boots,Moon Priestess Boots,armor,Sorcerer,Feet,Legendary,9,,
moon-priestess-bracers,Moon Priestess Bracers,armor,Sorcerer,Hands,Legendary,9,,
moon-priestess-mask,Moon Priestess Mask,armor,Sorcerer,Head,Legendary,9,,
moon-priestess-pants,Moon Priestess Pants,armor,Sorcerer,Legs,Legendary,9,,
moon-priestess-robe,Moon Priestess Robe,armor,Sorcerer,Chest,Legendary,9,,
mysteria-elder-boots,Mysteria Elder Boots,armor,Sorcerer,Feet,Epic,9,,
mysteria-elder-bracers,Mysteria Elder Bracers,armor,Sorcerer,Hands,Epic,9,,
mysteria-elder-mask,Mysteria Elder Mask,armor,Sorcerer,Head,Epic,9,,
mysteria-elder-pants,Mysteria Elder Pants,armor,Sorcerer,Legs,Epic,9,,
mysteria-elder-robe,Mysteria Elder Robe,armor,Sorcerer,Chest,Epic,9,,
offense-12-gray,Offense 12 Gray,armor,Seer,Necklace,Damaged,0,,
practitioner-bracers,Practitioner Bracers,armor,Sorcerer,Hands,Rare,9,,
practitioner-hood,Practitioner Hood,armor,Sorcerer,Head,Rare,9,,
practitioner-pants,Practitioner Pants,armor,Sorcerer,Legs,Rare,9,,
practitioner-robe,Practitioner Robe,armor,Sorcerer,Chest,Rare,9,,
practitioner-shoes,Practitioner Shoes,armor,Sorcerer,Feet,Rare,9,,
purple-training-bot-life-necklace,Purple Training Bot Life Necklace,armor,Any,Necklace,Epic,0,,
purple-training-bot-warrior-boots,Purple Training Bot Warrior Boots,armor,Mercenary,Feet,Epic,0,,
purple-training-bot-warrior-chestplate,Purple Training Bot Warrior Chestplate,armor,Mercenary,Chest,Epic,0,,
purple-training-bot-warrior-gloves,Purple Training Bot Warrior Gloves,armor,Mercenary,Hands,Epic,0,,
purple-training-bot-warrior-helmet,Purple Training Bot Warrior Helmet,armor,Mercenary,Head,Epic,0,,
purple-training-bot-warrior-pants,Purple Training Bot Warrior Pants,armor,Mercenary,Legs,Epic,0,,
ragons-pendant,Ragon's Pendant,armor,Any,Necklace,Epic,3,,
ragons-ring,Ragon's Ring,armor,Any,Ring,Epic,3,,
raven-priest-bracers,Raven Priest Bracers,armor,Sorcerer,Hands,Excellent,9,,
raven-priest-greaves,Raven Priest Greaves,armor,Sorcerer,Feet,Excellent,9,,
raven-priest-hood,Raven Priest Hood,armor,Sorcerer,Head,Excellent,9,,
raven-priest-pants,Raven Priest Pants,armor,Sorcerer,Legs,Excellent,9,,
raven-priest-robe,Raven Priest Robe,armor,Sorcerer,Chest,Excellent,9,,
raven-war-pendant,Raven War Pendant,armor,Any,Necklace,Legendary,3,,
red-shield-12-blue-purple,Red Shield 12 Blue-Purple,armor,Mercenary,Necklace,Excellent,0,,
red-shield-12-blue,Red Shield 12 Blue,armor,Mercenary,Necklace,Excellent,0,,
red-shield-12-gray,Red Shield 12 Gray,armor,Mercenary,Necklace,Damaged,0,,
red-shield-12-green-blue,Red Shield 12 Green-Blue,armor,Mercenary,Necklace,Rare,0,,
red-shield-12-green,Red Shield 12 Green,armor,Mercenary,Necklace,Rare,0,,
red-shield-12-orange,Red Shield 12 Orange,armor,Mercenary,Necklace,Legendary,0,,
red-shield-12-purple-orange,Red Shield 12 Purple-Orange,armor,Mercenary,Necklace,Epic,0,,
red-shield-12-purple,Red Shield 12 Purple,armor,Mercenary,Necklace,Epic,0,,
red-shield-12-white-no-accessories,"Red Shield 12 White, No Accessories",armor,Mercenary,Necklace,Common,0,,
red-shield-12-white,Red Shield 12 White,armor,Mercenary,Necklace,Common,0,,
red-sword-12-blue-purple,Red Sword 12 Blue-Purple,armor,Mercenary,Necklace,Excellent,0,,
red-sword-12-blue,Red Sword 12 Blue,armor,Mercenary,Necklace,Excellent,0,,
red-sword-12-green-blue,Red Sword 12 Green-Blue,armor,Mercenary,Necklace,Rare,0,,
red-sword-12-green,Red Sword 12 Green,armor,Mercenary,Necklace,Rare,0,,
red-sword-12-grey,Red Sword 12 Grey,armor,Mercenary,Necklace,Damaged,0,,
red-sword-12-orange,Red Sword 12 Orange,armor,Mercenary,Necklace,Legendary,0,,
red-sword-12-purple-orange,Red Sword 12 Purple-Orange,armor,Mercenary,Necklace,Epic,0,,
red-sword-12-purple,Red Sword 12 Purple,armor,Mercenary,Necklace,Epic,0,,
red-sword-12-white-no-jewelry,Red Sword 12 White (No Jewelry),armor,Mercenary,Necklace,Common,0,,
red-sword-12-white,Red Sword 12 White,armor,Mercenary,Necklace,Common,0,,
retribution-ring,Retribution Ring,armor,Any,Ring,Excellent,3,,
rosen-oath-boots,Rosen Oath Boots,armor,Withered Knight,Feet,Legendary,9,,
rosen-oath-bracers,Rosen Oath Bracers,armor,Withered Knight,Hands,Legendary,9,,
rosen-oath-breastplate,Rosen Oath Breastplate,armor,Withered Knight,Chest,Legendary,9,,
rosen-oath-helmet,Rosen Oath Helmet,armor,Withered Knight,Head,Legendary,9,,
rosen-oath-pants,Rosen Oath Pants,armor,Withered Knight,Legs,Legendary,9,,
rover-bracers,Rover Bracers,armor,Blackarrow,Hands,Rare,9,,
rover-hood,Rover Hood,armor,Blackarrow,Head,Rare,9,,
rover-long-boots,Rover Long Boots,armor,Blackarrow,Feet,Rare,9,,
rover-pants,Rover Pants,armor,Blackarrow,Legs,Rare,9,,
rover-top,Rover Top,armor,Blackarrow,Chest,Rare,9,,
scaleclaw-armor,Scaleclaw Armor,armor,Blackarrow,Chest,Legendary,9,,
scaleclaw-bracers,Scaleclaw Bracers,armor,Blackarrow,Hands,Legendary,9,,
scaleclaw-leather-boots,Scaleclaw Leather Boots,armor,Blackarrow,Feet,Legendary,9,,
scaleclaw-pants,Scaleclaw Pants,armor,Blackarrow,Legs,Legendary,9,,
scaleclaw-winged-helm,Scaleclaw Winged Helm,armor,Blackarrow,Head,Legendary,9,,
shadow-amberflux-ring,Shadow Amberflux Ring,armor,Any,Ring,Legendary,3,,
shadow-shroud-12-blue-purple,Shadow Shroud 12 Blue-Purple,armor,Shadowstrix,Necklace,Excellent,0,,
shadow-shroud-12-blue,Shadow Shroud 12 Blue,armor,Shadowstrix,Necklace,Excellent,0,,
shadow-shroud-12-gray,Shadow Shroud 12 Gray,armor,Shadowstrix,Necklace,Damaged,0,,
shadow-shroud-12-green-blue,Shadow Shroud 12 Green-Blue,armor,Shadowstrix,Necklace,Rare,0,,
shadow-shroud-12-green,Shadow Shroud 12 Green,armor,Shadowstrix,Necklace,Rare,0,,
shadow-shroud-12-orange,Shadow Shroud 12 Orange,armor,Shadowstrix,Necklace,Legendary,0,,
shadow-shroud-12-purple-orange,Shadow Shroud 12 Purple-Orange,armor,Shadowstrix,Necklace,Epic,0,,
shadow-shroud-12-purple,Shadow Shroud 12 Purple,armor,Shadowstrix,Necklace,Epic,0,,
shadow-shroud-12-white-no-jewelry,Shadow Shroud 12 White No Jewelry,armor,Shadowstrix,Necklace,Common,0,,
shadow-shroud-12-white,Shadow Shroud 12 White,armor,Shadowstrix,Necklace,Common,0,,
shadow-skull-boots,Shadow Skull Boots,armor,Shadowstrix,Feet,Rare,9,,
shadow-skull-gauntlets,Shadow Skull Gauntlets,armor,Shadowstrix,Hands,Rare,9,,
shadow-skull-mask,Shadow Skull Mask,armor,Shadowstrix,Head,Rare,9,,
shadow-skull-tights,Shadow Skull Tights,armor,Shadowstrix,Legs,Rare,9,,
shadow-skull-top,Shadow Skull Top,armor,Shadowstrix,Chest,Rare,9,,
shadowstrix-bracers,Shadowstrix Bracers,armor,Shadowstrix,Hands,Epic,9,,
shadowstrix-leather-boots,Shadowstrix Leather Boots,armor,Shadowstrix,Feet,Epic,9,,
shadowstrix-mask,Shadowstrix Mask,armor,Shadowstrix,Head,Epic,9,,
shadowstrix-pants,Shadowstrix Pants,armor,Shadowstrix,Legs,Epic,9,,
shadowstrix-vigor,Shadowstrix Vigor,armor,Shadowstrix,Chest,Epic,9,,
simple-leather-boots,Simple Leather Boots,armor,"Blackarrow, Shadowstrix",Feet,Damaged,1,,
simple-leather-bracers,Simple Leather Bracers,armor,"Blackarrow, Shadowstrix",Hands,Damaged,1,,
simple-leather-eyepatch,Simple Leather Eyepatch,armor,"Blackarrow, Shadowstrix",Head,Damaged,1,,
simple-leather-pants,Simple Leather Pants,armor,"Blackarrow, Shadowstrix",Legs,Damaged,1,,
simple-leather-vest,Simple Leather Vest,armor,"Blackarrow, Shadowstrix",Chest,Damaged,1,,
sirius-ring,Sirius Ring,armor,Any,Ring,Legendary,3,,
sorcery-collar,Sorcery Collar,armor,Any,Necklace,Rare,3,,
soulbane-necklace,Soulbane Necklace,armor,Any,Necklace,Epic,3,,
stargazing-ring,Stargazing Ring,armor,Any,Ring,Epic,3,,
stealth-12-blue-purple,Stealth 12 Blue-Purple,armor,Shadowstrix,Necklace,Excellent,0,,
stealth-12-blue,Stealth 12 Blue,armor,Shadowstrix,Necklace,Excellent,0,,
stealth-12-gray,Stealth 12 Gray,armor,Shadowstrix,Necklace,Damaged,0,,
stealth-12-green-blue,Stealth 12 Green-Blue,armor,Shadowstrix,Necklace,Rare,0,,
stealth-12-green,Stealth 12 Green,armor,Shadowstrix,Necklace,Rare,0,,
stealth-12-orange,Stealth 12 Orange,armor,Shadowstrix,Necklace,Legendary,0,,
stealth-12-purple-orange,Stealth 12 Purple-Orange,armor,Shadowstrix,Necklace,Epic,0,,
stealth-12-purple,Stealth 12 Purple,armor,Shadowstrix,Necklace,Epic,0,,
stealth-12-white-no-accessories,Stealth 12 White (No Accessories),armor,Shadowstrix,Necklace,Common,0,,
stealth-12-white,Stealth 12 White,armor,Shadowstrix,Necklace,Common,0,,
stellar-12-orange,Stellar 12 Orange,armor,Sorcerer,Necklace,Legendary,0,,
stellar-12-purple-orange,Stellar 12 Purple-Orange,armor,Sorcerer,Necklace,Epic,0,,
stellar-12-purple,Stellar 12 Purple,armor,Sorcerer,Necklace,Epic,0,,
stun-12-blue-purple,Stun 12 Blue-Purple,armor,Mercenary,Necklace,Excellent,0,,
stun-12-blue,Stun 12 Blue,armor,Mercenary,Necklace,Excellent,0,,
stun-12-gray,Stun 12 Gray,armor,Mercenary,Necklace,Damaged,0,,
stun-12-green-blue,Stun 12 Green-Blue,armor,Mercenary,Necklace,Rare,0,,
stun-12-green,Stun 12 Green,armor,Mercenary,Necklace,Rare,0,,
stun-12-orange,Stun 12 Orange,armor,Mercenary,Necklace,Legendary,0,,
stun-12-purple-orange,Stun 12 Purple-Orange,armor,Mercenary,Necklace,Epic,0,,
stun-12-purple,Stun 12 Purple,armor,Mercenary,Necklace,Epic,0,,
stun-12-white-no-accessory,Stun 12 White No Accessory,armor,Mercenary,Necklace,Common,0,,
stun-12-white,Stun 12 White,armor,Mercenary,Necklace,Common,0,,
super-armor-12-blue-purple,Super Armor 12 Blue-Purple,armor,Seer,Necklace,Excellent,0,,
super-armor-12-blue,Super Armor 12 Blue,armor,Seer,Necklace,Excellent,0,,
super-armor-12-gray,Super Armor 12 Gray,armor,Seer,Necklace,Damaged,0,,
super-armor-12-green-blue,Super Armor 12 Green-Blue,armor,Seer,Necklace,Rare,0,,
super-armor-12-green,Super Armor 12 Green,armor,Seer,Necklace,Rare,0,,
super-armor-12-orange,Super Armor 12 Orange,armor,Seer,Necklace,Legendary,0,,
super-armor-12-purple-orange,Super Armor 12 Purple-Orange,armor,Seer,Necklace,Epic,0,,
super-armor-12-purple,Super Armor 12 Purple,armor,Seer,Necklace,Epic,0,,
super-armor-12-white-no-accessories,Super Armor 12 White (No Accessories),armor,Seer,Necklace,Common,0,,
super-armor-12-white,Super Armor 12 White,armor,Seer,Necklace,Common,0,,
support-12-blue-purple,Support 12 Blue-Purple,armor,Seer,Necklace,Excellent,0,,
support-12-blue,Support 12 Blue,armor,Seer,Necklace,Excellent,0,,
support-12-gray,Support 12 Gray,armor,Seer,Necklace,Damaged,0,,
support-12-green-blue,Support 12 Green-Blue,armor,Seer,Necklace,Rare,0,,
support-12-green,Support 12 Green,armor,Seer,Necklace,Rare,0,,
support-12-orange,Support 12 Orange,armor,Seer,Necklace,Legendary,0,,
support-12-purple-orange,Support 12 Purple-Orange,armor,Seer,Necklace,Epic,0,,
support-12-purple,Support 12 Purple,armor,Seer,Necklace,Epic,0,,
support-12-white-no-accessories,Support 12 White (No Accessories),armor,Seer,Necklace,Common,0,,
support-12-white,Support 12 White,armor,Seer,Necklace,Common,0,,
training-apprentice-boots,Training Apprentice Boots,armor,"Sorcerer, Seer",Feet,Damaged,1,,
training-apprentice-bracers,Training Apprentice Bracers,armor,"Sorcerer, Seer",Hands,Damaged,1,,
training-apprentice-hood,Training Apprentice Hood,armor,"Sorcerer, Seer",Head,Damaged,1,,
training-apprentice-pants,Training Apprentice Pants,armor,"Sorcerer, Seer",Legs,Damaged,1,,
training-apprentice-robe,Training Apprentice Robe,armor,"Sorcerer, Seer",Chest,Damaged,1,,
training-ground-bot-purple-life-ring,Training Ground Bot Purple Life Ring,armor,Any,Ring,Epic,0,,
travelers-ring,Traveler's Ring,armor,Any,Ring,Rare,3,,
tri-phase-knot-pendant,Tri-phase Knot Pendant,armor,Any,Necklace,Legendary,3,,
true-prayer-bracers,True Prayer Bracers,armor,Seer,Hands,Epic,9,,
true-prayer-greaves,True Prayer Greaves,armor,Seer,Feet,Epic,9,,
true-prayer-miter,True Prayer Miter,armor,Seer,Head,Epic,9,,
true-prayer-pants,True Prayer Pants,armor,Seer,Legs,Epic,9,,
true-prayer-vestment,True Prayer Vestment,armor,Seer,Chest,Epic,9,,
veteran-armor,Veteran Armor,armor,Mercenary,Chest,Rare,9,,
veteran-boots,Veteran Boots,armor,Mercenary,Feet,Rare,9,,
veteran-bracers,Veteran Bracers,armor,Mercenary,Hands,Rare,9,,
veteran-helmet,Veteran Helmet,armor,Mercenary,Head,Rare,9,,
veteran-pants,Veteran Pants,armor,Mercenary,Legs,Rare,9,,
warrior-pendant,Warrior Pendant,armor,Any,Necklace,Rare,3,,
woodling-guardian-ring,Woodling Guardian Ring,armor,Any,Ring,Excellent,3,,
absolution,Absolution,weapon,Seer,Weapon,Legendary,9,,
antique-mace,Antique Mace,weapon,Seer,Weapon,Excellent,9,,
apprentice-staff,Apprentice Staff,weapon,Sorcerer,Weapon,Common,1,,
arcane-elixir-catalyst,Arcane Elixir Catalyst,weapon,Seer,Weapon,Excellent,9,,
beast-spirit-catalyst,Beast Spirit Catalyst,weapon,Seer,Weapon,Rare,9,,
blade-of-destined-death,Blade of Destined Death,weapon,Shadowstrix,Weapon,Epic,9,,
blind-eye-staff,Blind Eye Staff,weapon,Sorcerer,Weapon,Legendary,9,,
bond-of-friendship,Bond of Friendship,weapon,Mercenary,Weapon,Legendary,9,,
byrness-ash-urn,Byrnes's Ash Urn,weapon,Seer,Weapon,Legendary,9,,
carved-dagger,Carved Dagger,weapon,Shadowstrix,Weapon,Common,1,,
character-creation-bow,Character Creation Bow,weapon,Any,Weapon,Damaged,0,,
commander-sword-and-shield,Commander Sword and Shield,weapon,Mercenary,Weapon,Epic,9,,
convergence-staff,Convergence Staff,weapon,Sorcerer,Weapon,Excellent,9,,
crude-hammer,Crude Hammer,weapon,Mercenary,Weapon,Common,1,,
crude-heavy-hammer,Crude Heavy Hammer,weapon,Any,Weapon,Common,0,,
crusader-strongbow,Crusader Strongbow,weapon,Blackarrow,Weapon,Epic,9,,
deathclaw-hunter,Deathclaw Hunter,weapon,Blackarrow,Weapon,Legendary,9,,
empyrean-rain-staff,Empyrean Rain Staff,weapon,Sorcerer,Weapon,Epic,9,,
executioner-greatsword,Executioner Greatsword,weapon,Withered Knight,Weapon,Rare,9,,
exile-greatsword,Exile Greatsword,weapon,Withered Knight,Weapon,Excellent,9,,
faded-apprentice-staff,Faded Apprentice Staff,weapon,Sorcerer,Weapon,Damaged,1,,
fang-piercer-dagger,Fang-Piercer Dagger,weapon,Shadowstrix,Weapon,Rare,9,,
fine-iron-sword-and-shield,Fine Iron Sword and Shield,weapon,Mercenary,Weapon,Rare,9,,
focus-staff,Focus Staff,weapon,Sorcerer,Weapon,Rare,9,,
gem-lizard-dagger,Gem Lizard Dagger,weapon,Shadowstrix,Weapon,Epic,9,,
guard-polearm-and-shield,Guard Polearm and Shield,weapon,Withered Knight,Weapon,Rare,9,,
handcrafted-longbow,Handcrafted Longbow,weapon,Blackarrow,Weapon,Common,1,,
insatiable-heart-cornered-beast-bow,Insatiable Heart - Cornered Beast Bow,weapon,Blackarrow,Weapon,Holy,9,,
insatiable-heart-demolisher,Insatiable Heart - Demolisher,weapon,Mercenary,Weapon,Holy,9,,
insatiable-heart-everburn,Insatiable Heart - Everburn,weapon,Withered Knight,Weapon,Holy,9,,
insatiable-heart-soulseeker-bow,Insatiable Heart - Soulseeker Bow,weapon,Blackarrow,Weapon,Holy,9,,
javelin-scout-unique,Javelin Scout (Unique),weapon,Blackarrow,Weapon,Holy,0,,
magica-hammer,Magica Hammer,weapon,Mercenary,Weapon,Excellent,9,,
magical-knot-catalyst,Magical Knot Catalyst,weapon,Seer,Weapon,Common,1,,
mercy,Mercy,weapon,Withered Knight,Weapon,Legendary,9,,
military-hammer,Military Hammer,weapon,Mercenary,Weapon,Rare,9,,
moon-deity-convergence-staff,Moon Deity - Convergence Staff,weapon,Sorcerer,Weapon,Holy,9,,
moon-deity-crescent-dagger,Moon Deity - Crescent Dagger,weapon,Shadowstrix,Weapon,Holy,9,,
moon-deity-invocation-catalyst,Moon Deity - Invocation Catalyst,weapon,Seer,Weapon,Holy,9,,
moon-deity-myriad-soul-staff,Moon Deity - Myriad Soul Staff,weapon,Sorcerer,Weapon,Holy,9,,
moon-deity-souleater-catalyst,Moon Deity - Souleater Catalyst,weapon,Seer,Weapon,Holy,9,,
morningstar-mace,Morningstar Mace,weapon,Seer,Weapon,Rare,9,,
night-vigil-polearm-and-shield,Night Vigil Polearm and Shield,weapon,Withered Knight,Weapon,Epic,9,,
obsidian-sledgehammer,Obsidian Sledgehammer,weapon,Mercenary,Weapon,Epic,9,,
oil-soaked-wooden-bow,Oil-soaked Wooden Bow,weapon,Blackarrow,Weapon,Rare,9,,
purple-training-bot-great-hammer,Purple Training Bot Great Hammer,weapon,Mercenary,Weapon,Epic,0,,
purple-training-bot-sword-shield,Purple Training Bot Sword & Shield,weapon,Mercenary,Weapon,Epic,0,,
recruit-sword-and-shield,Recruit Sword and Shield,weapon,Mercenary,Weapon,Common,1,,
rose-proclamation,Rose Proclamation,weapon,Withered Knight,Weapon,Legendary,9,,
rough-handcrafted-longbow,Rough Handcrafted Longbow,weapon,Blackarrow,Weapon,Damaged,1,,
rusty-crude-hammer,Rusty Crude Hammer,weapon,Mercenary,Weapon,Damaged,1,,
rusty-recruit-sword-and-shield,Rusty Recruit Sword and Shield,weapon,Mercenary,Weapon,Damaged,1,,
rusty-spiked-mace,Rusty Spiked Mace,weapon,Seer,Weapon,Damaged,1,,
rusty-squire-greatsword,Rusty Squire Greatsword,weapon,Withered Knight,Weapon,Damaged,1,,
rusty-squire-polearm-and-shield,Rusty Squire Polearm and Shield,weapon,Withered Knight,Weapon,Damaged,1,,
rusty-wooden-handled-dual-blades,Rusty Wooden-Handled Dual Blades,weapon,Shadowstrix,Weapon,Damaged,1,,
sacred-heart-greatsword,Sacred Heart Greatsword,weapon,Withered Knight,Weapon,Epic,9,,
serpents-whisper,Serpent's Whisper,weapon,Shadowstrix,Weapon,Legendary,9,,
skullcrusher,Skullcrusher,weapon,Mercenary,Weapon,Legendary,9,,
spiked-mace,Spiked Mace,weapon,Seer,Weapon,Common,1,,
spirit-feline-dual-blades,Spirit Feline Dual Blades,weapon,Shadowstrix,Weapon,Rare,9,,
spiritwood-drumstick,Spiritwood Drumstick,weapon,Seer,Weapon,Epic,9,,
squire-greatsword,Squire Greatsword,weapon,Withered Knight,Weapon,Common,1,,
squire-polearm-and-shield,Squire Polearm and Shield,weapon,Withered Knight,Weapon,Common,1,,
studded-sword-and-shield,Studded Sword and Shield,weapon,Mercenary,Weapon,Excellent,9,,
thorn-polearm-and-shield,Thorn Polearm and Shield,weapon,Withered Knight,Weapon,Excellent,9,,
true-intent-catalyst,True Intent Catalyst,weapon,Seer,Weapon,Epic,9,,
ttk-bow,TTK Bow,weapon,Blackarrow,Weapon,Damaged,0,,
ttk-dagger,TTK Dagger,weapon,Shadowstrix,Weapon,Damaged,0,,
ttk-dual-blades,TTK Dual Blades,weapon,Shadowstrix,Weapon,Damaged,0,,
ttk-javelin,TTK Javelin,weapon,Blackarrow,Weapon,Damaged,0,,
ttk-mace,TTK Mace,weapon,Seer,Weapon,Damaged,0,,
ttk-medium,TTK Medium,weapon,Seer,Weapon,Damaged,0,,
ttk-spear-shield,TTK Spear & Shield,weapon,Withered Knight,Weapon,Damaged,0,,
ttk-spellbook,TTK Spellbook,weapon,Sorcerer,Weapon,Damaged,0,,
ttk-staff,TTK Staff,weapon,Sorcerer,Weapon,Damaged,0,,
ttk-sword-and-shield,TTK Sword and Shield,weapon,Mercenary,Weapon,Damaged,0,,
ttk-two-handed-sword,TTK Two-Handed Sword,weapon,Withered Knight,Weapon,Damaged,0,,
ttk-warhammer,TTK Warhammer,weapon,Mercenary,Weapon,Damaged,0,,
twilight-knot-catalyst,Twilight Knot Catalyst,weapon,Seer,Weapon,Damaged,1,,
veil-dual-blades,Veil Dual Blades,weapon,Shadowstrix,Weapon,Excellent,9,,
venomfang-dagger,Venomfang Dagger,weapon,Shadowstrix,Weapon,Excellent,9,,
venomfang,Venomfang,weapon,Shadowstrix,Weapon,Legendary,9,,
wooden-handled-dual-blades,Wooden-Handled Dual Blades,weapon,Shadowstrix,Weapon,Common,1,,
worn-carved-dagger,Worn Carved Dagger,weapon,Shadowstrix,Weapon,Damaged,1,,
wulfen-einherjar-blade-of-inquisition,Wulfen Einherjar - Blade of Inquisition,weapon,Withered Knight,Weapon,Holy,9,,
wulfen-einherjar-oathkeeper,Wulfen Einherjar - Oathkeeper,weapon,Mercenary,Weapon,Holy,9,,
wulfen-einherjar-splitclaw,Wulfen Einherjar - Splitclaw,weapon,Shadowstrix,Weapon,Holy,9,,
wulfen-einherjar-warcry-spike,Wulfen Einherjar - Warcry Spike,weapon,Seer,Weapon,Holy,9,,
yew-longbow,Yew Longbow,weapon,Blackarrow,Weapon,Excellent,9,,
